"id","name"
"1","Luke Skywalker"
"2","Han Solo"
"3","Leia Organa"
"4","C-3PO"
"5","James"
"6","Adèle"
"7","Rowan"
"8","Dafydd"
"9","Ebrill"
"10","Sarah"
"11","R2-D2"
"12","Captain Jack Sparrow"
"13","Homer J. Simpson"
"14","Indiana Jones"
"15","James T. Kirk"
"16","Spock"
"17","Dr. Leonard \"Bones\" McCoy"
"18","Montgomery \"Scotty\" Scott"
"19","Hikaru Sulu"
"20","Pavel Chekov"
"21","Uhura"
"22","Dracula"
"23","Captain Jean-Luc Picard"
"24","Commander William T. Riker"
"25","Lt. Commander Data"
"26","Lt. Commander Geordi LaForge"
"27","Lt. Commander Worf"
"28","Dr. Beverly Crusher"
"29","Commander Deanna Troi"
"30","Guinan"
"31","Grand Moff Tarkin"
"32","Dr. Zefram Cochrane"
"33","Frodo Baggins"
"34","Gandalf "
"35","Aragorn"
"36","Arwen "
"37","Legolas"
"38","Gimli"
"39","Boromir"
"40","Saruman"
"41","Samwise 'Sam' Gamgee"
"42","Peregrin 'Pippin' Took"
"43","Meriadoc 'Merry' Brandybuck"
"44","Elrond"
"45","Galadriel"
"46","Bilbo Baggins"
"47","Sauron"
"48","Gollum"
"49","Willy Wonka"
"50","Charlie Bucket"
"51","Violet Beauregarde"
"52","Veruca Salt"
"54","Jeffrey Lebowski "
"55","Walter Sobchak"
"56","Theodore Donald Kerabatsos"
"57","Danny Ocean"
"58","Rusty Ryan"
"59","Linus Caldwell"
"60","Terry Benedict"
"61","Tess Ocean"
"62","Virgil Malloy"
"63","Turk Malloy"
"64","Saul Bloom"
"65","Basher Tarr"
"66","Frank Catton"
"67","Reuben Tishkoff"
"68","Livingston Dell"
"69","Yen"
"70","Freddy Krueger"
"71","The Predator"
"72","The Bride"
"73","Truman Capote"
"74","Marge Simpson"
"75","Bart Simpson"
"76","Lisa Simpson"
"77","Abe Simpson"
"78","Alvin Straight"
"79","Patty Bouvier"
"80","Selma Bouvier"
"81","Helen Lovejoy"
"82","Montgomery Burns"
"83","Milhouse Van Houten"
"84","Dewey Largo"
"85","Bleeding Gums Murphy"
"86","Timothy Lovejoy"
"87","Jimbo Jones"
"88","Clancy Wiggum"
"89","Ned Flanders"
"90","Waylon Smithers"
"91","Todd Flanders"
"92","Barney Gumble"
"93","Moe Szyslak"
"94","Seymour Skinner"
"95","Martin Prince"
"96","Edna Krabappel"
"97","Otto Mann"
"98","Sherri and Terri"
"99","Marvin Monroe"
"100","Special Agent Dale Cooper"
"101","Sheriff Harry S. Truman"
"102","Danny Pickett"
"103","Donna Hayward"
"104","Audrey Horne"
"105","Shelly Johnson"
"106","Bobby Briggs"
"107","Benjamin Horne"
"108","Donna Hayward "
"109","Josie Packard"
"110","Leo Johnson"
"111","Audrey Horne"
"112","Dr. Will Hayward"
"113","Deputy Andy Brennan"
"114","Tom"
"115","Deputy Tommy 'Hawk' Hill "
"116","Catherine Martell "
"117","Laura Palmer"
"118","Norma Jennings"
"119","James Hurley"
"120","Big Ed Hurley"
"121","Pete Martell"
"122","Dr. Lawrence Jacoby"
"123","Leland Palmer"
"124","Lucy Moran"
"125","John Shaft"
"126","Rod Flanders"
"127","Krusty"
"128","Apu Nahasapeemapetilon"
"129","Sideshow Bob"
"130","Kent Brockman"
"131","The Terminator"
"132","Carl Carlson"
"133","Lenny Leonard"
"134","Wallace"
"135","Batman / Bruce Wayne"
"136","Joker / Jack Napier"
"137","Rachel Green"
"138","Monica Geller"
"139","Phoebe Buffay"
"140","Joey Tribbiani"
"141","Ross Geller"
"142","Chandler Bing"
"143","Chandler Bing"
"144","Joe Quimby"
"145","Maude Flanders"
"146","James Bond"
"147","M"
"148","Robin Hood"
"149","Christine Chapel"
"150","Janice Rand"
"151","Sarek "
"152","Flint "
"153","Khan Noonien Singh"
"154","Capt./Cmdr. Willard Decker"
"155","Dr. Carol Marcus"
"156","Dr. David Marcus"
"157","Haldir"
"158","Théoden"
"159","Gríma Wormtongue"
"160","Éowyn"
"161","Faramir"
"162","Éomer"
"163","Denethor"
"164","Mahatma Gandhi"
"165","Susan Vance"
"166","Ray Nicolette"
"167","Mary Jane Watson"
"168","Spider-Man / Peter Parker"
"169","Mr. Bennet"
"170","Claire Bennet"
"171","Saya"
"172","Hiro Nakamura"
"173","Mohinder Suresh"
"174","Lorelai Gilmore"
"175","Rory Gilmore"
"176","Ando Masahashi"
"177","Micah Sanders"
"178","Niki Sanders"
"179","Nathan Petrelli"
"180","Peter Petrelli"
"181","Matt Parkman"
"182","Sylar"
"183","Leonidas"
"184","Hulk / Bruce Banner"
"185","Itchy & Scratchy"
"186","Dr. J. Loren Pryor"
"187","Kayako Saeki"
"188","Peter Pan"
"189","Logan / Wolverine"
"190","Maggie Simpson"
"191","Silent Bob"
"192","Seras Victoria"
"193","Alucard"
"194","Sir Integra Wingates Hellsing"
"195","Walter C. Dornez"
"196","Paladin Alexander Anderson"
"197","Jack"
"198","Kate"
"199","Sayid"
"200","Dr. Gregory House"
"201","Hurley"
"202","Charlie"
"203","Locke"
"204","Michael"
"205","Shannon"
"206","Cindy"
"207","Boone"
"208","Claire"
"209","Walt"
"210","Kim"
"211","Bernard"
"212","Rousseau"
"213","Jin"
"214","Wächter der Ewigkeit"
"215","Mr. Eko"
"216","Karl"
"217","Desmond"
"218","Sawyer"
"219","Sun"
"220","Juliet"
"221","Anthony Cooper"
"222","Dr. Christian Shephard"
"223","Philip J. Fry"
"224","Dr. Zoidberg"
"225","Turanga Leela"
"226","Bender"
"227","Hermes Conrad"
"228","Hermes Conrad"
"229","Amy Wong"
"230","Hubert J. Farnsworth"
"231","Richard"
"232","Isaac Mendez"
"233","Simone Deveaux"
"234","Charlie Andrews"
"235","Eden"
"236","Nana Dawson"
"237","D.L. Hawkins"
"238","The Haitian"
"239","Flash Gordon"
"240","Buck Rogers"
"241","Robin / Dick Grayson"
"242","Rose"
"243","Blondie Bumstead"
"244","Blondie Bumstead"
"245","Angela Petrelli"
"246","Sandra Bennet"
"247","Chandra Suresh"
"248","Zach"
"249","Mrs. Suresh"
"250","Dagwood Bumstead"
"251","Kenny McCormick"
"252","Rocky Balboa "
"253","Blondie Bumstead ( Voice )"
"254","Dagwood Bumstead ( Voice )"
"255","Baby Dumpling"
"256","Alexander \" Baby \" Bumstead"
"257","Batgirl / Barbara Gordon"
"258","Matt Hagen / Clayface"
"259","Poison Ivy / Dr. Pamela Isley"
"260","Harley Quinn"
"261","Nightwing"
"262","Two-Face / Harvey Dent"
"263","Mr. Freeze / Dr. Victor Fries"
"264","Jonathan Crane / Scarecrow"
"265","Catwoman / Selina Kyle"
"266","The Ventriloquist ( voice )"
"267","Scarface ( voice )"
"268","Penguin / Oswald Cobblepot"
"269","Calendar Girl ( voice )"
"270","Klarion the Witch Boy ( voice )"
"271","Etrigan the Demon ( voice )"
"272","Garfield Lynns / Firefly"
"273","Killer Croc"
"274","Baby Doll ( voice )"
"275","Roxy Rocket ( voice )"
"276","Farmer Brown ( voice )"
"277","The Riddler / Edward Nygma"
"278","Jervis Tetch / Mad Hatter"
"279","Supergirl / Kara Danvers / Kara Zor-El"
"280","Inessa Armand"
"281","Lenin"
"282","Louise de La Vallière"
"283","Lucile Desmoulins"
"284","Man Bat ( voice )"
"285","Camille Desmoulins"
"287","Hercule Poirot"
"288","Ana Lucía"
"289","Libby"
"290","Mikhail"
"291","Molly Walker"
"292","Fantine "
"293","Maya"
"294","Kaito Nakamura"
"295","West"
"296","Kommissar X  "
"297","Alejandro"
"298","Meg Altman"
"299","Jerry Cotton"
"300","Monsieur Hulot"
"301","Ben Linus"
"302","Alex"
"303","Monica Dawson"
"304","Candice Wilmer"
"305","Charles Deveaux"
"306","Elle"
"307","Jean Valjean"
"308","Bob"
"309","Jessica Fletcher"
"310","Jack Bauer"
"311","Nina Myers"
"312","Takezo Kensei"
"313","Caitlin"
"314","David Palmer"
"315","Jessica Fletcher"
"316","David Brent"
"317","RoboCop"
"319","Cindy"
"320","Miss Jane Marple"
"321","Penelope "
"322","Sherlock Holmes"
"323","Dr. John H. Watson"
"324","Columbo"
"325","Inspektor Clouseau"
"327","Laverne Roberts"
"328","Dr. \"J.D.\" John Dorian"
"329","Dr. Elliot Reid"
"330","Dr. Elliot Reid"
"331","Dr. Christopher Turk"
"332","Dr. Todd Quinlan"
"333","Carla Espinosa"
"334","Dr. Perry Cox"
"335","Lt. Columbo"
"336","Shawn Spencer"
"337","Shawn Spencer"
"338","Junge Witwe"
"339","Robby Keough"
"340","Sam"
"341","Lena Odenthal"
"342","Dexter Morgan"
"343","Ally McBeal"
"344","Miss Moneypenny"
"345","Q"
"346","Capt. Benjamin Franklin Pierce"
"347","Capt. John McIntyre"
"348","Lt. Col. Henry Blake"
"349","Cpl. Walter O'Reilly"
"350","Maj. Margaret Houlihan"
"351","Maj. Frank Burns"
"352","The Doctor / Doctor Who"
"353","Father John P. Mulcahy"
"354","Sgt. Maxwell Q. Klinger"
"355","Superman / Clark Kent / Kal-El"
"356","Niga (Voice)"
"357","Niga (Voice)"
"358","Niga (Voice)"
"359","Pinhead"
"360","Lillebror"
"361","Niga (Voice)"
"362","Niga (Voice)"
"363","Gracie Hart"
"364","Annie Porter"
"366","Lisa Simpson"
"367","Sledge Hammer"
"368","Dori Doreau"
"369","Captain Trunk"
"370","Captain Trunk"
"371","Captain Trunk"
"372","Captain Trunk"
"373","Captain Trunk"
"374","Romero"
"375","Snake Plissken"
"376","Snake Plissken"
"377","Snake Plissken"
"378","Snake Plissken"
"379","Dr. Laurel Weaver / Agent L "
"380","Edmond Dantès"
"381","Angus MacGyver"
"382","sich selbst"
"383","-"
"384","Frank Martin"
"385","Tarconi"
"386","Sam Malone"
"387","Victor Frankenstein"
"388","Obi-Wan Kenobi"
"389","Eric Cartman"
"390","Stan Marsh"
"391","Kyle Broflovski"
"392","Ike Broflovski"
"393","Sookie Stackhouse"
"394","Bill Compton"
"395","Sam Merlotte"
"396","Jason Stackhouse"
"397","Tara Thornton"
"398","Adele Stackhouse"
"399","John Stillman"
"400","Lilly Rush"
"401","Scotty Valens"
"402","Scotty Valens"
"403","Nick Vera"
"404","Will Jefferies"
"405","Will Jefferies"
"406","Steven Hyde"
"407","Jackie Burkhart"
"408","Eric Forman"
"409","Donna Pinciotti"
"410","Fez"
"411","Reginald \"Red\" Forman"
"412","Kitty Forman"
"413","Michael Kelso"
"414","Eric Forman"
"415","Robert MacDougal"
"416","Robert MacDougal"
"417","Barney Stinson"
"418","Lily Aldrin"
"419","Robin Scherbatsky"
"420","Marshall Eriksen"
"421","Ted Mosby"
"422","Leonard Hofstadter, Ph.D."
"423","Sheldon Cooper, Ph.D. "
"424","Ivan the Terrible"
"425","Penny"
"426","Howard Wolowitz, M.Eng."
"427","Rajnesh Koothrappali, Ph. D."
"428","Hannah Montana"
"429","Antony Mayans"
"430","Lestat de Lioncourt"
"431","Lestat de Lioncourt"
"432","Buffy Summers"
"433","Xander Harris"
"434","Willow Rosenberg"
"435","Rupert Giles"
"436","Cordelia Chase"
"437","Angel"
"438","Spike"
"439","Riley Finn"
"440","Dawn Summers"
"441","Tara Maclay"
"442","Anya"
"443","Daniel \"Oz\" Osborne"
"444","Faith"
"445","Wesley Wyndam-Pryce"
"446","Liz Lemon"
"447","Jenna Maroney"
"448","Jack Donaghy"
"449","Tracy Jordan"
"450","Darla"
"451","Richard Castle"
"452","Patrick Jane"
"453","Sigmund Freud"
"456","Cleopatra"
"457","n.a."
"458","Matthew"
"459","George Washington"
"460","John Adams"
"461","Thomas Jefferson"
"462","Benjamin Franklin"
"466","Elizabeth Bennet"
"467","Mr. Darcy"
"468","Jane Bennet"
"469","Mary Bennet"
"471","Athena "
"472","Helena"
"473","Oberon"
"474","Hermia"
"475","D'Artagnan"
"476","Milady de Winter"
"477","Constance Bonacieux"
"478","Anne d'Autriche"
"479","Athos"
"480","Porthos"
"481","Louis XIII"
"482","Aramis"
"483","Carla Tortelli"
"484","Norm Peterson"
"485","Cliff Clavin"
"486","Diane Chambers"
"487","Rebecca Howe"
"488","Woody Boyd"
"489","Ernie Pantusso"
"490","Dr. Frasier Crane"
"491","Dr. Lilith Sternin"
"492","Volpone"
"493","Sheherazade"
"494","John McClane"
"495","Gwen Stacy"
"496","Peter Parker"
"497","Tony Buddenbrook"
"498","Thomas Buddenbrook"
"499","Christian Buddenbrook"
"500","Célimène"
"501","John J. Rambo "
"503","Zorro"
"504","Alceste"
"505","Mina Harker"
"506","Adolf Hitler"
"507","Casper Christensen"
"508","Casper Christensen"
"509","Casper Christensen"
"510","Kenny Nickelman"
"511","Niels Buckingham"
"512","Robert Lange Dølhus"
"513","Robert Lange Dølhus"
"514","Lisa Bremer Harris"
"515","Kim Dorowsky"
"516","Anders Fogh Rasmussen"
"517","Prins Henrik"
"518","Astérix "
"519","Obelix"
"521","Theodore Roosevelt"
"522","Brian O'Conner"
"523","Dominic Toretto"
"524","Javert"
"525","Eugénie Grandet"
"526","Eugénie Grandet"
"527","Eugénie Grandet"
"528","Ben Gates"
"529","Patrick Gates "
"530","Abigail Chase"
"531","Egon Olsen"
"532","Benny Frandsen"
"533","Kjeld Jensen"
"534","Yvonne Jensen"
"535","Yvonne Jensen"
"536","Mads Skjern"
"537","Oluf Larsen"
"538","Ingeborg Skjern"
"539","Maude Varnæs"
"540","Elisabeth Friis"
"541","Misse Møhge"
"542","Death"
"543","Professor Moriarty"
"544","Kriminalassistent William Mortensen"
"545","Dynamit Harry"
"546","Dynamit Harry"
"547","Kriminalassistent Mortensen"
"548","Ivonne"
"549","Johnny English"
"550","Albus Dumbledore "
"551","Minerva McGonagall"
"552","Rubeus Hagrid "
"553","Rubeus Hagrid "
"554","Harry Potter"
"555","Hermione Granger"
"556","Ron Weasley"
"557","Alice"
"558","Hubert Bonisseur de La Bath / OSS 117"
"559","Hubert Bonisseur de La Bath, alias OSS 117 "
"560","Hugh ''Bullgod\" Drummond"
"561","Sarah Connor"
"562","John Connor"
"563","Zorro"
"564","Jesse James"
"565","Tarzan"
"566","Alex Cross"
"567","Kurt Wallander"
"568","Frankenstein's Monster"
"569","Van Helsing"
"570","Hook"
"571","Tinker Bell"
"572","Smee"
"573","Lois Lane"
"574","Odysseus"
"575","Beowulf"
"576","Snow White"
"577","König Artus"
"578","Lancelot"
"579","Guinevere"
"580","Merlin"
"581","Heidi"
"582","Lex Luthor"
"583","BoOzy' OS"
"584","Victor Chai"
"585","Le Cop"
"586","Patrick Steur"
"587","Jack Ryan"
"588","Cathy Muller"
"589","Oliver Queen / Green Arrow"
"590","Dorian Gray"
"591","John Constantine"
"592","Hercules"
"593","Felix Leiter"
"594","Moses"
"595","Captain America / Steve Rogers"
"596","Richard Nixon"
"597","John F. Kennedy"
"598","Ronald Reagan"
"599","Bibi Blocksberg"
"600","Santa Claus"
"602","Queen Elizabeth I"
"603","Queen Victoria"
"604","Dornröschen"
"605","King Charles II of England"
"606","Horus"
"607","Anubis"
"608","Osiris"
"609","Isis"
"610","Earl McGraw"
"611","Albert Einstein"
"612","Al Capone"
"613","Leonardo da Vinci"
"614","Apollo"
"615","Hermes"
"616","Circe"
"617","Hades"
"618","George Smiley"
"619","Elvis Presley"
"620","Phileas Fogg"
"621","Passepartout"
"622","Vincent van Gogh"
"623","Orville Wright"
"624","Wilbur Wright"
"625","Queen Elisabeth II"
"626","Napoleon"
"627","Billy the Kid"
"628","Jeanne d’Arc"
"629","Abraham Lincoln"
"630","Beethoven"
"631","Michael Myers"
"632","Noah"
"634","Tony Stark / Iron Man"
"635","Thor"
"638","Mary Stuart"
"639","Ghost Rider"
"640","Teufel"
"641","Barry Allen / The Flash"
"642","Arthur Curry / Aquaman"
"643","Diana Prince / Wonder Woman"
"644","Perry White"
"645","Alfred Pennyworth"
"646","Martha Kent"
"647","Steve Trevor"
"648","Queen Hippolyta"
"649","General Zod"
"650","Jor-El"
"651","Wanda Maximoff / Scarlet Witch"
"652","Amanda Waller"
"653","James Gordon"
"654","Harvey Bullock"
"655","Lucius Fox"
"656","Bane"
"657","Thomas Wayne"
"658","Martha Wayne"
"659","Barbara Kean"
"660","Carmine Falcone"
"661","Commissioner Loeb"
"662","Richard Sionis / The Mask"
"663","Ra's al Ghul"
"664","Ray Palmer / The Atom"
"665","Floyd Lawton / Deadshot"
"666","Jimmy Olsen"
"667","Jonathan Kent"
"668","Brainiac"
"669","Victor Stone / Cyborg"
"670","Slade Wilson / Deathstroke"
"671","Lana Lang"
"672","Vicki Vale"
"673","Professor Charles Xavier"
"674","Eric Lensherr / Magneto"
"675","Jean Grey"
"676","Scott Summers / Cyclops"
"677","Ororo Munroe / Storm"
"678","Victor Creed / Sabretooth"
"679","Raven Darkholme / Mystique"
"680","Kitty Pryde / Shadowcat"
"681","Bobby Drake / Iceman"
"682","Rogue"
"683","William Stryker"
"684","Kurt Wagner / Nightcrawler"
"685","Piotr Rasputin / Colossus"
"686","Dr. Hank McCoy / Beast"
"687","Pietro Maximoff / Quicksilver"
"688","Wade Wilson / Deadpool"
"689","Chewbacca"
"690","C-3PO"
"691","Anakin Skywalker / Darth Vader"
"692","Yoda"
"693","Sheev Palpatine / Darth Sidious"
"694","Natasha Romanoff / Black Widow"
"695","Optimus Prime"
"696","Bumblebee"
"697","Megatron / Galvatron"
"698","Starscream"
"699","Frank Castle / Punisher"
"700","Remy LeBeau / Gambit"
"701","Thanos"
"702","Sue Storm / The Invisible Woman"
"703","Reed Richards / Mr. Fantastic"
"704","Johnny Storm / The Human Torch"
"705","Ben Grimm / The Thing"
"706","Victor von Doom / Doctor Doom"
"707","Captain Nemo"
"708","Cardinal Richelieu"
"709","Louis XIV"
"710","Fantômas"
"711","William Shakespeare"
"712","Lord Voldemort"
"713","Professor Albus Dumbledore"
"714","Severus Snape"
"715","Poseidon"
"716","Zeus"
"717","Ares"
"718","Aphrodite"
"719","Apollo"
"720","Hera"
"721","Artemis"
"722","Julius Caesar"
"723","Octavian"
"724","Marcus Antonius"
"725","Spartacus"
"726","Marie Antoinette"
"727","Louis XVI"
"728","Louis XV"
"729","Georges Danton"
"730","Maximilien Robespierre"
"731","Theseus"
"732","Henry VIII"
"733","Anne Boleyn"
"734","Henri IV"
"735","Cinderella"
"736","Alice"
"737","Jackie Kennedy"
"738","Jesus Christ"
"739","James Rhodes / War Machine"
"740","Richard the Lionheart"
"741","Prince John"
"742","Winston Churchill"
"743","Oscar Wilde"
"744","Donatello"
"745","Leonardo"
"746","Michelangelo"
"747","Raphael"
"748","April O'Neil"
"749","John Wilkes Booth"
"750","Franklin D. Roosevelt"
"751","King George VI"
"752","Queen Elizabeth  (4.8.1900 -  30.3.2002)"
"753","God"
"754","Persephone"
"755","King Henry V of England"
"756","Richard III"
"757","Henry IV"
"758","Mary"
"759","Joseph"
"760","Rotkäppchen"
"761","Odin"
"762","Loki"
"763","Hephaistos"
"764","Lyndon B. Johnson"
"765","Lee Harvey Oswald"
"766","Robinson Crusoe"
"767","Blackbeard"
"768","Prometheus"
"769","Jonah Hex"
"770","Barack Obama"
"771","Lisbeth Salander"
"772","J. Edgar Hoover"
"773","John Dillinger"
"774","Lydia Bennet"
"775","Kitty Bennet"
"776","Mr. Bingley"
"777","Allan Quatermain"
"778","Dr. Jekyll"
"779","Dr. Hannibal Lecter"
"780","Calamity Jane"
"781","Wild Bill Hickok"
"782","Medusa"
"783","Ulysses S. Grant"
"784","Karl Marx"
"785","Judas"
"786","Ebenezer Scrooge"
"787","Samson"
"788","Delilah"
"789","Doc Holliday"
"790","Wyatt Earp"
"791","Anna Karenina"
"792","Dr. John Dolittle"
"793","Tsatsiki"
"794","Quasimodo"
"795","Marilyn Monroe"
"796","Romeo"
"797","Juliet"
"798","Aladdin"
"799","Rapunzel"
"800","Captain Ahab"
"801","Grigori Rasputin"
"802","Genghis Khan"
"803","Clyde Barrow"
"804","Bonnie Parker"
"805","Jane Eyre"
"806","Maigret"
"807","Charlie Chan"
"808","Charles Manson"
"809","Doctor Who"
"810","Martin Luther King Jr."
"811","Rosa Parks"
"812","Uther Pendragon"
"813","Nimue"
"814","Achilles"
"815","Andromache"
"816","Darkseid"
"817","Martian Manhunter"
"818","Flik"
"819","Lightning McQueen"
"820","Buzz Lightyear"
"821","Fred Jones"
"822","Daphne Blake"
"823","Velma Dinkley"
"824","Scooby-Doo"
"825","Shaggy"
"826","Mojo Jojo"
"827","SpongeBob SquarePants"
"828","Patrick Star"
"829","Sandy Cheeks"
"830","Mr. Krabs"
"831","Squidward Tentacles"
"832","Plankton"
"833","Rey"
"834","Kylo Ren"
"835","Poe Dameron"
"836","Supreme Leader Snoke"
"837","Maz Kanata"
"838","Finn"
"839","Admiral Ackbar"
"840","Lando Calrissian"
"841","Boba Fett"
"842","Count Dooku"
"843","General Grievous"
"844","Mace Windu"
"845","Padmé Amidala"
"846","Watto"
"847","Shmi Skywalker"
"848","Jar Jar Binks"
"849","Qui-Gon Jinn"
"850","Darth Maul"
"851","Ahsoka Tano"
"852","Aayla Secura"
"853","Aayla Secura"
"854","Lobo"
"855","Shredder"
"856","Baxter Stockman"
"857","Splinter"
"858","Casey Jones"
"859","Bucky the Squirrel"
"860","Chicha"
"861","Kuzco"
"862","Pacha"
"863","Kronk"
"864","Yzma"
"865","Mushu"
"866","Mulan"
"867","Erik Selvig"
"868","Jane Foster"
"869","Nick Fury"
"870","Clint Barton / Hawkeye"
"871","Matt Murdock / Daredevil"
"872","Elektra Natchios"
"873","Wilson Fisk / The Kingpin"
"874","Invader Zim"
"875","Dib Membrane"
"876","Gaz Membrane"
"877","Professor Membrane"
"878","Shrek"
"879","Donkey"
"880","Princess Fiona"
"881","Lord Farquaad"
"882","Gingerbread Man"
"883","Queen Lillian"
"884","King Harold"
"885","Puss in Boots"
"886","Rumpelstiltskin"
"887","Goku"
"888","Master Roshi"
"889","Bulma"
"890","Yamcha"
"891","Chi Chi"
"892","Piccolo"
"893","Vegeta"
"894","Frieza"
"895","Krillin"
"896","Whis"
"897","Steppenwolf"
"899","Sheriff Woody"
"900","Morpheus"
"901","Trinity"
"902","Agent Smith"
"903","The Oracle"
"904","Tauriel"
"905","Thranduil"
"906","Smaug"
"907","Radagast"
"908","Thorin Oakenshield"
"909","Majin Buu"
"910","Liu Kang"
"911","Johnny Cage"
"912","Shang Tsung"
"913","Sonya Blade"
"914","Shao Kahn"
"915","Goro"
"916","Reptile"
"917","Kano"
"918","Scorpion"
"919","Shinnok"
"920","Raiden"
"921","Kitana"
"922","Jimmy Neutron"
"923","Carl Wheezer"
"924","Sheen Estevez"
"925","Goddard"
"926","Hugh Neutron"
"927","Cindy Vortex"
"928","Libby Folfax"
"929","Nick Dean"
"930","Judy Neutron"
"931","King Goobot"
"932","Ooblar"
"933","Blossom"
"934","Bubbles"
"935","Buttercup"
"936","Professor Utonium"
"937","Whitey Duvall"
"938","Ten Second Tom"
"939","Farmer Fran"
"940","Osmosis Jones"
"941","Drix"
"942","Howard the Duck"
"943","Gamora"
"944","Groot"
"945","Peter Quill / Star Lord"
"946","Drax"
"947","Yondu Udonta"
"948","Nebula"
"949","Rocket"
"950","Ronan"
"951","Korath"
"952","The Collector"
"953","Karai"
"954","Yakko Warner"
"955","Wakko Warner"
"956","Dot Warner"
"957","Bob the Tomato"
"958","Larry the Cucumber"
"959","Junior Asparagus"
"960","Jenny Wakeman"
"961","Leonard Helperman"
"962","Sheldon Lee"
"963","Dr. Wakeman"
"964","Tuck Carbunkle"
"965","Brad Carbunkle"
"966","Queen Vexus"
"967","Oscar the Sharkslayer"
"968","Lenny Lino"
"969","Ernie the Jellyfish"
"970","Bernie the Jellyfish"
"971","Don Edward Lino"
"972","Mr. Sykes"
"973","Angie"
"974","Mrs. Sanchez"
"975","Fennec Shand"
"976","The Mandalorian"
"977","Strong Bad"
"978","Homestar Runner"
"979","Marzipan"
"980","Pom Pom"
"981","The King of Town"
"982","Coach Z"
"983","Strong Sad"
"984","Strong Mad"
"985","The Cheat"
"986","Bubs"
"987","Homsar"
"988","Sunny Jim"
"989","Broly"
"990","Scrappy-Doo"
"991","Neo"
"992","Niobe"
"993","Sonic the Hedgehog"
"994","Dr. Eggman"
"995","Amy Rose"
"996","Miles \"Tails\" Prower"
"997","Knuckles the Echidna"
"998","Shadow the Hedgehog"
"999","Elsa"
"1000","J. Jonah Jameson"
"1001","Doctor Octopus"
"1002","Electro"
"1003","Doctor Strange"
"1004","The Merovingian"
"1005","Persephone"
"1006","The Keymaker"
"1007","The Trainman"
"1008","Sparks"
"1009","Alicia Masters"
"1010","Norrin Radd / Silver Surfer"
"1011","Al Simmons / Spawn"
"1012","Eliza Thornberry"
"1013","Karen Plankton"
"1014","Pearl Krabs"
"1015","Norman Osborn / Green Goblin"
"1016","Harry Osborn"
"1017","Adrian Toomes / Vulture"
"1018","Herman Schultz / Shocker"
"1019","Mac Gargan / Scorpion"
"1020","Quentin Beck / Mysterio"
"1021","Felicia Hardy / Black Cat"
"1022","Cletus Kasady / Carnage"
"1023","Eddie Brock / Venom"
"1024","Hal Jordan / Green Lantern"
"1025","Hellboy"
"1026","Jax"
"1027","Alien"
"1028","Rachel Dawes"
"1029","Kraven the Hunter"
"1030","Betty Brant"
"1031","Flash Thompson"
"1032","Jack Skellington"
"1033","Oogie Boogie"
"1034","Dr. Curt Connors / Lizard"
"1035","Cassie Cage"
"1036","Mileena"
"1037","Baraka"
"1038","Noob Saibot"
"1039","Mera"
"1040","Silas Stone"
"1041","Heimlich"
"1042","Beast Boy"
"1043","Starfire"
"1044","Mavis Dracula"
"1045","Sora"
"1046","Ventus"
"1047","Mike Wazowski"
"1048","Terra"
"1049","Aqua"
"1050","Sephiroth"
"1051","Maleficent"
"1052","Jafar"
"1053","Sly Cooper"
"1054","Carmelita Fox"
"1055","Dimitri Lousteau"
"1056","Bentley the Turtle"
"1057","Clank"
"1058","Captain Qwark"
"1059","Ratchet"
"1060","Dr. Nefarious"
"1061","Chairman Drek"
"1062","Angela Cross"
"1063","Slim Cognito"
"1064","Leatherface"
"1065","Crash Bandicoot"
"1066","Dr. Neo Cortex"
"1067","Tyler Durden"
"1068","Jason Voorhees"
"1069","Kratos"
"1070","Spyro the Dragon"
"1071","Grinch"
"1072","Bolivar Trask"
"1073","Globox"
"1074","Rayman"
"1075","Rhino"
"1076","Roxas"
"1077","Austin Powers"
"1078","Dr. Evil"
"1079","The Master"
"1080","Philip J. Fry"
"1081","Alfred von Wessex"
"1082","Ealhswith"
"1083","Guthrum"
"1084","King Guthred"
"1085","Sheriff of Nottingham"
"1086","Gen. Robert E. Lee"
"1087","River Song"
"1088","Miles Morales / Spider-Man"
"1089","Mowgli"
"1090","Pontius Pilate"
"1091","Romana"
"1092","Victor Zsasz"
"1093","Lilith"
"1094","George S. Patton Jr."
"1095","Shazam"
"1096","Gorilla Grodd"
"1097","Geralt of Rivia"
"1098","Cirilla Fiona Elen Riannon"
"1099","Adam"
"1100","Commodus"
"1101","Rassilon"
"1102","Agrippina"
"1103","Caligula"
"1104","Chester W. Nimitz"
"1105","James Doolittle"
"1106","Clarice Starling"
"1107","Gretel"
"1108","Hansel"
"1109","Sandman / Flint Marko"
"1110","Mr. Ditkovitch"
"1111","Blade"
"1112","Kangaroo Jack"
"1113","Mr. Zurkon"
"1114","Gnasty Gnorc"
"1115","Ripto"
"1116","Aku Aku"
"1117","Uka Uka"
"1118","Coco Bandicoot"
"1119","Cynder"
"1120","Sparx the Dragonfly"
"1121","Negan"
"1122","Jeff the Spider"
"1123","Professor Pyg"
"1124","Rick Flag"
"1125","Captain Boomerang"
"1126","Peacemaker"
"1127","King Shark"
"1128","Hugo Strange"
"1129","Aaron Cash"
"1130","Black Mask"
"1131","Zatanna"
"1132","Mufasa"
"1133","Simba"
"1134","Timon"
"1135","Pumbaa"
"1136","Scar"
"1137","Juggernaut"
"1138","Psylocke"
"1139","John Allerdyce / Pyro"
"1140","Multiple Man"
"1141","Apocalypse"
"1143","Caliban"
"1144","Jubilee"
"1145","Moira MacTaggert"
"1146","May Parker"
"1147","Joseph 'Robbie' Robertson"
"1148","Ben Parker"
"1149","Ursula Ditkovich"
"1150","Negasonic Teenage Warhead"
"1151","Blind Al"
"1152","Russell Collins / Firefist"
"1153","Yukio"
"1154","Rusty Pete"
"1155","Talwyn Apogee"
"1156","Courtney Gears"
"1157","Sedusa"
"1158","Princess Morbucks"
"1159","Cortana"
"1160","Prophet of Truth"
"1161","Gravemind"
"1162","343 Guilty Spark"
"1163","Sergeant Major Johnson"
"1164","Master Chief"
"1165","Aaron Davis / Prowler"
"1166","Tombstone"
"1167","Raziel"
"1168","Kain"
"1169","Crunch Bandicoot"
"1170","Nina Cortex"
"1171","Vulko"
"1172","Drax the Destroyer"
"1173","Meredith Quill"
"1174","Emilia Harcourt"
"1175","John Economos"
"1177","T'Challa / Black Panther"
"1178","Korg"
"1179","Heimdall"
"1180","Principal Duvall"
"1181","Dingodile"
"1182","Panda King"
"1183","Muggshot"
"1184","Daxter"
"1185","Jak"
"1186","Samos Hagai"
"1187","Ashelin Praxis"
"1188","Baron Praxis"
"1189","Erol"
"1190","Dante"
"1191","Vergil"
"1192","Kotal Kahn"
"1193","Erron Black"
"1194","D'Vorah"
"1195","Starkiller"
"1196","Bail Organa"
"1197","Lucius Best / Frozone"
"1198","Underminer"
"1199","Bob Parr / Mr. Incredible"
"1200","Violet Parr"
"1201","Dash Parr"
"1202","Edna Mode"
"1203","Commander Shepard"
"1204","Cotton Candy Glob"
"1205","Rouge the Bat"
"1206","Big the Cat"
"1207","Vector the Crocodile"
"1208","Megamind"
"1209","Metro Man"
"1210","Tighten"
"1211","Roxanne Ritchie"
"1212","Thelonious"
"1213","Lola Bunny"
"1214","Sara Bellum"
"1215","Cad Bane"
"1216","Barry B. Benson"
"1217","Adam Flayman"
"1218","Layton Montgomery"
"1219","Hammerhead"
"1220","Spider-Man 2099"
"1221","Renee Montoya"
"1222","Dinah Lance / Black Canary"
"1223","Yuriko Oyama / Lady Deathstrike"
"1224","Rocksteady"
"1225","Bebop"
"1226","Krang"
"1227","Vern Fenwick"
"1228","Karen Page"
"1229","Franklin \"Foggy\" Nelson"
"1230","Ben Urich"
"1231","Bullseye"
"1232","Porky Pig"
"1233","Tasmanian Devil"
"1234","Bugs Bunny"
"1235","Daffy Duck"
"1236","Speedy Gonzales"
"1237","Wong"
"1238","The Ancient One"
"1239","Stick"
"1240","Ashley 'Ash' J. Williams"
"1241","Mickey Mouse"
"1242","Goofy"
"1243","Chicken Little"
"1244","Tak"
"1245","Murray"
"1246","Peter Venkman"
"1247","Ray Stantz"
"1248","Egon Spengler"
"1249","Janine Melnitz"
"1250","Nathan Drake"
"1251","Pepper Potts"
"1252","Agent Phil Coulson"
"1253","Agent Maria Hill"
"1254","Happy Hogan"
"1255","Sub-Zero"
"1256","John Stewart / Green Lantern"
"1257","Sindel"
"1258","Quan Chi"
"1259","Garfield"
"1260","Selene"
"1261","Gawain"
"1262","Morgan Le Fay"
"1263","Donald Duck"
"1264","Winnetou"
"1265","Ichigo Kurosaki"
"1266","Arminius"
"1267","Boudicca"
"1268","Nero"
"1269","Donkey Kong"
"1270","Tegan Jovanka"
"1271","Declan"
"1272","Stephanie"
"1273","Rachel"
"1274","Carol Danvers / Captain Marvel"
"1275","Kirby Reed"
"1276","Sidney Prescott"
"1277","Randy Meeks"
"1278","Gale Weathers"
"1279","Michael Morbius"
"1280","Jackie Chiles"
"1281","Cosmo Kramer"
"1282","Asajj Ventress"
"1283","Prophet of Regret"
"1284","Randall Boggs"
"1285","Nancy Callahan"
"1286","Conker the Squirrel"
"1287","Winston Zeddemore"
"1288","Dana Barrett"
"1289","Gozer"
"1290","Slimer"
"1291","Rayne"
"1292","Magik"
"1293","Agatha Harkness"
"1294","Johnny Gat"
"1295","Captain Slag"
"1296","Chuckie Finster"
"1297","GIR"
"1298","Danny Phantom"
"1299","Korra"
"1300","Samurai Jack"
"1301","Aku"
"1302","Stitch"
"1303","Lilo Pelekai"
"1304","Luigi"
"1305","Mario"
"1306","Princess Peach"
"1307","Bowser"
"1308","Dory"
"1309","Genie"
"1310","Princess Jasmine"
"1311","Viewtiful Joe"
"1312","Casper"
"1313","Baloo"
"1314","Inspector Gadget"
"1315","Ivan Drago"
"1316","Apollo Creed"
"1317","Altaïr Ibn-LaʼAhad"
"1318","Ezio Auditore da Firenze"
"1319","Black Adam"
"1320","Mercy Graves"
"1321","Pinocchio"
"1322","Kitty Softpaws"
"1323","Abe"
"1325","Minnie Mouse"
"1326","Riku"
"1327","Kairi"
"1328","Winnie the Pooh"
"1329","Jill Valentine"
"1330","Michael Lanyard aka Lone Wolf"
"1331","Spot Helperman / Scott Leadready II"
"1332","Chief Commissioner Cameron Miekelson"
"1333","PC Jack McLaren"
"1334","PC Sarah Fletcher"
"1335","PC Surjit Singh"
"1336","Act. Sgt. Ken Beattie"
"1337","Sgt. Karen Ann Millar"
"1338","PC Charlie McIntosh"
"1339","PC Jane McKay"
"1340","PC Hugh McKirdy"
"1341","Maggie LeBeau"
"1342","Bobby Muir"
"1343","Archie Pepper"
"1344","DC Megan Squire"
"1345","DC Andrea McGill"
"1346","PC Sharon McKelvie"
"1347","Sgt. Napier Carmichael"
"1348","Annie McInnes"
"1349","PC Laura Washington"
"1350","Sam"
"1351","Dude"
"1352","Ron Burgundy"
"1353","Timmy Turner"
"1354","Chick Hicks"
"1355","Mater"
"1356","Ethan Hunt"
"1357","Talia al Ghul"
"1358","Olivia"
"1359","William"
"1360","Corrie"
"1361","Arthur"
"1362","Ann"
"1363","Ginger"
"1364","Party Goer"
"1365","Burns' Ghost"
"1366","Ian"
"1367","Fiona"
"1368","Lindsay"
"1369","Louis"
"1370","Margot"
"1371","Gerry"
"1372","Rocket Raccoon"
"1373","Star-Lord"
"1374","Cosmo"
"1375","Kraglin"
"1376","Mantis"
"1377","Stakar Ogord"
"1378","Vision"
"1379","Owen Grady"
"1380","Claire Dearing"
"1381","Dr. Ellie Sattler"
"1382","Dr. Ian Malcolm"
"1383","Dr. Alan Grant"
"1384","Dr. Henry Wu"
"1385","Jack Byrnes"
"1386","Gaylord Focker"
"1387","Kevin Rawley"
"1388","Bernie Focker"
"1389","Roz Focker"
"1390","Dina Byrnes"
"1391","Celeborn"
"1392","Gamling"
"1393","Riley Poole"
"1394","Sadusky"
"1395","Renfield"
"1396","Dr. Seward"
"1397","Jonathan Harker"
"1398","Lucy Westenra"
"1399","Don Vito Corleone"
"1400","Michael Corleone"
"1401","Santino 'Sonny' Corleone"
"1402","Tom Hagen"
"1403","Fredo Corleone"
"1404","Alan Garner"
"1405","Phil Wenneck"
"1406","Stu Price"
"1407","Doug Billings"
"1408","Mr. Chow"
"1409","Mike Tyson"
"1410","Chris Kelvin"
"1411","Kris Kelvin"
"1412","C. S. 'Jack' Lewis"
"1413","Peter Pevensie"
"1414","Edmund Pevensie"
"1415","Susan Pevensie"
"1416","Lucy Pevensie"
"1417","Prince Caspian"
"1418","Aslan"
"1419","The White Witch"
"1420","Reepicheep"
"1421","Mary Todd Lincoln"
"1422","Dr. Madeleine Swann"
"1423","Le Chiffre"
"1424","Ernst Stavro Blofeld"
"1425","Bill Tanner"
"1426","Vesper Lynd"
"1427","Mr. White"
"1428","Mathis"
"1429","Dr. Sam Loomis"
"1430","Laurie Strode"
"1431","Michelle Jones"
"1432","Mark Corrigan"
"1433","Jeremy \"Jez\" Usborne"
"1434","Roy"
"1435","Maurice Moss"
"1436","Jen Barber"
"1437","Ian"
"1438","Barbara"
"1439","Susan"
"1440","Betty Ross"
"1441","George W. Bush"
"1442","Wednesday Addams"
"1443","Wolfgang Amadeus Mozart"
"1444","Pablo Picasso"
"1445","Elisabeth von Österreich-Ungarn"
"1446","Diddy Kong"
"1447","Cranky Kong"
"1448","Toad"
"1449","Reptar"
"1450","Abe Sapien"
"1451","Liz Sherman"
"1452","Elle Woods"
"1453","Kazuya Mishima"
"1454","Heihachi Mishima"
"1455","Rorschach"
"1456","Nite Owl"
"1457","Tony Montana"
"1458","Marmaduke"
"1459","Omni-Man"
"1460","Homelander"
"1461","Sweet Tooth"
"1462","Sinestro"
"1463","Kilowog"
"1464","Smurfette"
"1465","Papa Smurf"
"1466","Gargamel"
"1467","Leon S. Kennedy"
"1468","Claire Redfield"
"1469","Albert Wesker"
"1470","Monkey D. Luffy"
"1471","Maciste"
"1472","Bizarro"
"1473","James P. Sullivan"
"1474","Nancy Thompson"
"1475","Cao Cao"
"1476","Liu Bei"
"1477","Guan Yu"
"1478","Elinor Dashwood"
"1479","Marianne Dashwood"
"1480","Black Manta"
"1481","Jango Fett"
"1482","Poggle the Lesser"
"1483","Mon Mothma"
"1484","Bib Fortuna"
"1485","Sebulba"
"1486","Beorn"
"1487","Azog"
"1488","Jack Ryder"
"1489","Kronika"
"1490","Fox McCloud"
"1491","Captain Hero"
"1492","Foxxy Love"
"1493","Azula"
"1494","Katara"
"1495","Aang"
"1496","Iroh"
"1497","Zuko"
"1498","Sokka"
"1499","Fred Fredburger"
"1500","Demongo"
"1501","Numbuh One"
"1502","Numbuh Three"
"1503","Numbuh Four"
"1504","Numbuh Five"
"1505","Numbuh Two"
"1506","Bloo"
"1507","Mermaid Man"
"1508","Barnacle Boy"
"1509","Mrs. Puff"
"1510","Felix Unger"
"1511","Oscar Madison"
"1512","Nancy Drew"
"1513","Dick Cheney"
"1514","Barney Rubble"
"1515","Fred Flintstone"
"1516","Effi Briest"
"1517","Judah Ben-Hur"
"1518","Pauline"
"1519","Lulu"
"1520","Nigel Thornberry"
"1521","Mary Magdalene"
"1522","Gen. George Armstrong Custer"
"1523","Elizabeth Bacon Custer"
"1524","Rory"
"1525","Perceval"
"1526","Karadoc"
"1527","Bohort"
"1528","Léodagan"
"1529","Père Blaise"
"1530","Attila"
"1531","Léna Grisky"
"1532","Inès Lebreton"
"1533","Jeff Chase"
"1534","Maximus « Max » Alvarez"
"1535","Henri Duquet"
"1536","Frank"
"1537","Pinky"
"1538","Clive"
"1539","Armando Castillo"
"1540","Armando Castillo"
"1541","Oscar"
"1542","Gabrielle Carré"
"1543","Lex Dosne"
"1544","Victor Duquet"
"1545","Théa Raphael"
"1546","Alexandre Lazare"
"1547","Amy Pond"
"1548","Leif Eriksson"
"1549","Mata Hari"
"1550","Ann"
"1551","Magnus von Ragner"
"1552","Ike Clanton"
"1553","Adam Warlock"
"1554","Gossip Gerty"
"1555","Max Guevara"
"1556","Philip Marlowe"
